idCliente,nombre,email
1,Xantha M. Guzman,vitae@incursuset.org
2,Brenna J. Hernandez,Donec.vitae.erat@vel.org
3,Acton F. Caldwell,mus.Aenean@eratvolutpat.org
4,Stephanie G. Sims,tempor@in.edu
5,Shafira Bray,arcu.Sed@egestasblandit.edu
6,Gabriel W. Duran,consequat.enim.diam@elitCurabitur.net
7,Steel P. Blackwell,cursus.et.eros@elementum.ca
8,Desirae Heath,aliquam.arcu@ultricesmaurisipsum.co.uk
9,Yetta Oneil,volutpat@semut.co.uk
10,Henry Gallegos,ac.fermentum.vel@Duis.ca
11,Katelyn Justice,scelerisque.lorem.ipsum@enimEtiamimperdiet.org
12,Alana Powell,odio.tristique.pharetra@Duissitamet.net
13,Eaton Hardy,lacus@semvitaealiquam.co.uk
14,Asher F. Rodriguez,ipsum.non@sapienimperdiet.edu
15,Veda E. Newton,Integer.tincidunt.aliquam@lectussitamet.ca
16,Gage Hensley,nisl@necmalesuada.com
17,Georgia B. Dale,luctus.ut.pellentesque@odio.co.uk
18,Zahir Terrell,non@amet.edu
19,Iris Gates,nibh@dignissimlacusAliquam.ca
20,Erin Nolan,Integer.tincidunt@musProinvel.net
21,Neville P. Buckley,sit@consequat.com
22,Cecilia Callahan,rutrum.non@nequeIn.edu
23,Herman I. Gill,tempor.arcu@nuncQuisque.ca
24,Gisela T. Mueller,vitae.risus.Duis@tempor.net
25,Halee F. Brown,Nullam@blandit.co.uk
26,Graham Chavez,nec@Duisrisus.co.uk
27,Candace F. Knight,eleifend.Cras@sed.org
28,Emery G. Landry,viverra@pede.org
29,Aurora Talley,Sed.eget@ornare.co.uk
30,Jolie Johnston,Phasellus.libero@non.com
31,Adria V. Harrison,interdum.enim.non@pharetraQuisque.com
32,Lani Norman,eu.sem.Pellentesque@sitamet.org
33,Hop P. Camacho,Nunc.mauris.elit@nequeMorbi.com
34,Pandora Chambers,Suspendisse@arcu.com
35,Roth Franks,dui@consectetueradipiscing.co.uk
36,Stewart Leach,est.mauris.rhoncus@malesuada.co.uk
37,Owen N. Wells,pretium@acfeugiatnon.edu
38,Kieran M. Mckee,ante@auctor.net
39,Devin Cervantes,Aliquam.erat.volutpat@pede.ca
40,Malik B. Oneil,nascetur.ridiculus.mus@massanonante.org
41,Emma H. Golden,a.tortor.Nunc@mus.edu
42,Fiona T. Santiago,posuere.enim@lacusEtiambibendum.co.uk
43,Margaret Browning,dui.Suspendisse@molestiesodales.net
44,Kiayada Blankenship,lorem@sedest.org
45,Deborah Q. Herring,dignissim@sit.net
46,Dean Murphy,consectetuer.euismod.est@liberolacusvarius.com
47,Barry Beach,in.lobortis.tellus@eratnequenon.ca
48,Alma K. Simon,libero.Morbi.accumsan@ut.edu
49,Hop Boyd,nonummy.ipsum.non@tellus.com
50,Eden R. Clemons,taciti@ligulaeu.com
51,India Mooney,porttitor.scelerisque@pedeCum.co.uk
52,Robert W. Bentley,sit.amet.risus@Pellentesqueultriciesdignissim.co.uk
53,Desirae Bates,nibh.sit@sapienCras.com
54,Harding Doyle,senectus.et.netus@Praesent.co.uk
55,Dominique Hale,urna@bibendum.org
56,Maisie Travis,amet@placerateget.ca
57,Tad Brown,tincidunt.nunc@aliquam.ca
58,Lamar Rollins,vehicula.aliquet.libero@sempertellusid.edu
59,Haviva Montoya,dolor@Proin.net
60,Moses Sanford,nec.quam.Curabitur@nonbibendumsed.ca
61,Damian K. Humphrey,eget@ametorci.edu
62,McKenzie K. Brewer,risus@Aliquam.ca
63,Cheyenne Rush,Nulla.facilisi.Sed@montesnascetur.org
64,Shaeleigh Walker,volutpat.nunc.sit@Aliquameratvolutpat.co.uk
65,Lacy Hays,vitae.purus@ac.co.uk
66,Cole T. Foster,non.enim@vitaemauris.net
67,Matthew B. Hall,Nam@purus.net
68,Ira Raymond,non.enim@elementumdui.co.uk
69,MacKensie P. Robles,quis@sedsemegestas.co.uk
70,Dennis I. Sutton,pellentesque.a@convallisconvallisdolor.ca
71,Abraham Richard,non@tincidunt.ca
72,Phoebe Cooper,mi.Aliquam@seddictumeleifend.com
73,Talon Y. Ray,ornare@idmagnaet.edu
74,Carl Alvarado,mi@felisegetvarius.com
75,Aaron Schultz,orci.quis@pharetra.ca
76,Sebastian I. Mccoy,nonummy@facilisismagna.edu
77,Buckminster Lindsey,per.inceptos@Aliquamornare.com
78,Chelsea Copeland,eu@augueeu.co.uk
79,Carl Gould,nunc@montes.ca
80,Preston Hobbs,morbi.tristique.senectus@Morbiaccumsanlaoreet.ca
81,Gretchen Salinas,erat.eget@necquam.co.uk
82,Stephanie I. Harmon,sollicitudin@In.org
83,Nomlanga Avila,ut.ipsum@vulputate.org
84,Gary Meyer,vel.nisl@mattisCraseget.ca
85,Gay Buchanan,enim.Mauris@sapienAeneanmassa.co.uk
86,Emerson E. Dixon,elit.sed@porttitorscelerisque.edu
87,Mikayla Patton,lacus.pede.sagittis@nec.co.uk
88,Aladdin O. White,gravida.molestie@nullamagna.com
89,Malcolm A. Davenport,felis@est.net
90,Patrick Conner,arcu@Inscelerisquescelerisque.com
91,Chandler P. Marks,sem.magna.nec@NullaaliquetProin.co.uk
92,Edan Pratt,tempor@ullamcorpervelitin.ca
93,Abraham S. Stevenson,volutpat@vitaealiquet.co.uk
94,Violet K. Stark,nisi.a@vulputatevelit.edu
95,Dominique Flores,elementum.sem.vitae@tellusimperdietnon.edu
96,Linus Gray,et.euismod.et@sapiencursus.org
97,Seth Lott,sit.amet.massa@rhoncusDonecest.net
98,Irma Farley,tristique.pharetra.Quisque@lectus.org
99,Lance Vance,viverra.Donec@metus.org
100,Edward Marsh,dui.Cum.sociis@ullamcorper.org